GEOID,lat,lon,population,dist_to_existing_m,covered
39049006392,40.10159844418081,-83.04475187631473,4524,433.6952941170597,0
39049009361,39.96586983838399,-82.85017966528827,5427,1410.3905042908773,0
39049006500,40.00308220294803,-83.0667750081965,3731,103.78626439523295,0
39049006600,39.99564991377922,-83.06060086753119,4025,112.09496268966355,0
39049006710,40.088047962679205,-83.01380039015254,2844,472.8621726319887,0
39049006721,40.10348506845495,-83.02567369403846,4016,937.633356618005,0
39049008132,39.94142720621608,-83.14948168297644,6709,518.4620006785767,0
39049006810,40.07944862679905,-83.01331871449435,2511,587.5717771639978,0
39049006821,40.06914992250939,-83.0260566768833,3599,587.5807953896067,0
39049006923,40.07924932675061,-82.98184817728945,4543,699.3407037754667,0
39049006910,40.08780060048825,-83.0275581095374,1779,1037.7968864685163,0
39049006921,40.07724126169248,-82.99518666657391,3736,503.42900575270926,0
39049006924,40.0657480616025,-82.98559888861396,3837,686.5711929336638,0
39049008210,39.96177655362559,-83.10324745396484,2407,1153.507684845816,0
39049008241,39.976835241386446,-83.07597879099404,2883,1293.150632645777,0
39049008242,39.97871066766782,-83.09763396475788,6767,549.2194229796665,0
39049008311,39.94173544709516,-83.10246990234225,4187,108.17765887077041,0
39049008312,39.935261331920834,-83.09490685245278,4748,592.4965856386044,0
39049008321,39.93649391106783,-83.08264522417554,3410,625.7789074399383,0
39049009440,39.85358223955222,-82.88708405144385,4853,1749.797354197751,0
39049002800,39.97305039347943,-82.9648449709764,2360,140.93363182095612,0
39049008822,39.88644983971602,-82.99955180821001,4265,135.21273785953193,0
39049009100,39.968554045928656,-82.92853808571819,4798,277.80795908147513,0
39049002740,39.96915642314144,-82.91841840068344,2436,319.5200503827286,0
39049005900,39.939131392116224,-82.9688228866453,2440,315.0440949489347,0
39049008322,39.93396429625708,-83.06383964447092,4951,652.5491797990036,0
39049008330,39.936761868102614,-83.04473238491721,1701,181.60845594128392,0
39049008340,39.92559126638035,-83.03025241591799,5058,2088.318586465122,0
39049008350,39.926174135902,-83.10950320398088,7699,764.3480461127148,0
39049008360,39.92350275302234,-83.0790967457361,6701,1140.85435562232,0
39049009420,39.9038475957967,-82.86977752652217,6013,1308.2113315993738,0
39049000120,40.0489446901107,-83.01928736759928,3307,138.07746359838046,0
39049006950,40.077274466625965,-83.04072702544522,2760,549.4297797845545,0
39049002520,39.9738409481957,-82.95255176581313,2847,33.476189111808544,0
39049005620,39.93999716114006,-82.9784122040387,2156,542.7350545544198,0
39049007812,40.047381304595746,-83.03613011536086,4632,686.5141036490836,0
39049004810,39.9402282820268,-83.07420311934301,2459,89.36878006957544,0
39049008710,39.93765766749499,-82.95630659273664,2079,238.00946994366063,0
39049008110,39.95752363244489,-83.12919939801753,4200,335.4110109121746,0
39049001200,40.0038089169607,-83.00176017044113,4039,201.64173503548287,0
39049008380,39.902117006067435,-83.02750874174524,5260,3515.9295333430437,0
39049008400,39.982247677954405,-83.05549651295235,4027,12.703866466492189,0
39049008500,39.97605041967528,-83.0338140021604,5450,491.430636187877,0
39049008811,39.90800091746466,-82.9760203577231,1800,1069.0936970595621,0
39049008813,39.89804613162238,-82.95578412577285,2156,196.7305223577034,0
39049008821,39.91396334747371,-82.99839231430128,2213,376.8905264250425,0
39049007533,40.04320522227491,-82.94042369521112,1810,1171.9113074890372,0
39049007520,40.01904264555636,-82.94666980526816,3050,421.80204895996746,0
39049007113,40.068009583570614,-82.92913453193127,6056,196.50029444567585,0
39049007492,40.042412650707426,-82.87802390811787,6442,1169.037002284338,0
39049007425,40.01568552758516,-82.88610056543506,2410,508.2379350182123,0
39049009336,39.92583871912061,-82.92433519796805,2501,1255.580384253471,0
39049006391,40.125284060297965,-83.0466238399462,5431,2462.9617079816994,0
39049008230,39.946438389058784,-83.11612267807098,3422,529.7894790586711,0
39049001600,39.99132450515589,-82.99792221926307,2784,287.1792247995586,0
39049006722,40.101516448140906,-83.0064605965587,2839,1213.305839337406,0
39049002760,39.954316176721534,-82.91984921059252,3273,345.9062285623202,0
39049007820,40.02204192903191,-83.02747725952793,3753,337.90344316230744,0
39049009390,39.974217142902994,-82.79075332740392,7768,1595.898117709916,1
39049004620,39.94968308019337,-83.07377128739986,2950,751.9104316672484,0
39049000500,40.02141590197444,-83.00857583663745,4168,503.6425960959851,0
39049008120,39.946969281714836,-83.12998012955603,4071,804.335827153,0
39049008825,39.884871203468364,-82.97721440163976,7186,1141.2963721852514,0
39049008900,39.95252661330751,-82.93375976179995,5142,649.8966226262833,0
39049009000,39.96961368908955,-82.93899793764453,3384,85.14807331689397,0
39049008730,39.93038052244314,-82.94295229928449,1920,99.6860627764392,0
39049009373,39.91484227165114,-82.84933541433355,6919,250.52015478430928,0
39049006430,40.013476731668916,-83.059073250715,4986,206.1526877641058,0
39049006822,40.073263708124834,-83.01022436581022,2146,956.3485384161967,0
39049007550,40.00883329682794,-82.92623657558259,2769,373.1818957473688,0
39049008720,39.92586396930947,-82.96793620177209,3479,330.41355621216024,0
39049009323,39.94137312997512,-82.88529389447486,3704,572.2810941251306,0
39049000110,40.05860321550026,-83.01374841316434,3354,517.2650353148529,0
39049000210,40.044604742330826,-83.00963521125385,3116,1060.1215198195373,0
39049000220,40.036982518362024,-83.01141409244381,4183,650.2922542379775,0
39049000310,40.03723396082303,-82.99360813106253,2887,540.1607043492455,0
39049000320,40.03815958992862,-82.98342099797996,3011,635.2175392493606,0
39049000710,40.019254128465526,-82.98902099628746,3277,653.2236776382051,0
39049000330,40.027872171857084,-82.9858866961766,2517,535.8643421439981,0
39049000410,40.0290081885425,-83.01958255243203,2470,424.3866965544671,0
39049000420,40.02882410006325,-83.00621053250576,3269,421.1161848498518,0
39049000600,40.01572588400083,-83.00568416847612,4000,139.47673684167975,0
39049000810,40.026543564324164,-82.97619930405132,2660,549.5994210305716,0
39049000820,40.0256164721552,-82.96389732429701,3646,328.2273576054416,0
39049000910,40.01599155953131,-82.9741393006373,3478,322.42657845287613,0
39049007426,40.02041141480237,-82.87183069683518,3682,280.5128289618665,0
39049000720,40.008008458547614,-82.9871890685164,2959,638.9804847186447,0
39049000730,40.00507863265079,-82.97366851805594,3404,278.56148601893153,0
39049000920,40.01632833810491,-82.96263092665421,2425,409.727782872772,0
39049001000,40.00968365539265,-83.00316393589658,4931,352.0190334542224,0
39049001110,40.00912995771845,-83.0143943501085,3114,415.2882994263202,0
39049001400,39.99521224887098,-82.98710713293461,1653,187.43396536275665,0
39049001500,39.99161213118587,-82.97788106950226,1744,515.3006016439637,0
39049001700,39.99052680319373,-83.00339621179607,3599,193.72983838269417,0
39049001810,39.992208580964345,-83.01161356366516,3483,262.59564526464226,0
39049009220,39.96288077395157,-82.89942782619548,2570,977.0727289252328,0
39049008812,39.907065282992946,-82.94333200478026,3069,466.5266560431813,0
39049002510,39.991164844220584,-82.95467557080761,2735,541.4415725312205,0
39049006931,40.0820166995604,-82.96469541181578,7220,661.0037819398634,0
39049006932,40.07219717713367,-82.96318183615168,7048,1225.3715975987755,0
39049001820,39.98781582920146,-83.01476771901329,2236,153.2919187317652,0
39049002000,39.98206665367541,-83.0141444558186,3155,220.53654382048572,0
39049002100,39.9787513295809,-83.00635669073019,2223,278.1297162584615,0
39049002200,39.98101173529308,-82.99909171735203,3307,234.15685971991996,0
39049002300,39.982501486115055,-82.97362642213639,1742,501.8459144372856,0
39049006933,40.0634417414768,-82.96534307091468,5972,512.3110194587017,0
39049007205,40.10247253254705,-82.82485496361683,5994,4453.9820711704315,0
39049007494,40.04437569238768,-82.89607439938547,4280,709.1375423606981,0
39049007043,40.120075757639604,-83.00610447902163,6102,428.13019623871423,0
39049001901,39.9861289358864,-83.03022337674892,3675,208.4784868879981,0
39049001902,39.989159298339125,-83.04754365871128,4213,24.310862177091455,0
39049006236,40.12943840803738,-83.12943012486754,6191,4046.494702080458,0
39049006396,40.080053465663134,-83.07225984823333,5327,2216.8057762301078,0
39049006394,40.132265538260434,-83.06623278758623,2754,477.30524461640783,0
39049006393,40.132028477365104,-83.0809514838473,5463,123.81697357371105,0
39049007044,40.131487462058274,-83.00493130763961,6030,1379.8320361790377,0
39049007048,40.12528174289123,-82.98797084973795,5969,711.5365721302696,0
39049007047,40.11893756778197,-82.98056925405159,4350,1643.4519905061,0
39049007198,40.088875454600846,-82.90091311216973,3031,3344.9308249918117,0
39049007202,40.069387202944974,-82.89785907807988,4115,1779.6069713802979,0
39049010601,40.01740432663796,-83.17735427677312,5946,1948.992517907439,0
39049006395,40.06736699508321,-83.08527784886925,3890,182.38925013232816,0
39049010700,40.06604149123295,-83.00972809745465,1220,579.5489483158443,0
39049009900,40.10072637624825,-82.9898755411368,1688,1621.8258472644873,0
39049010000,40.105463673005985,-82.8759876999883,6116,5560.6550165271865,0
39049010300,39.81870024344202,-82.92914023829738,2371,1671.4184303471436,0
39049009405,39.832749004963375,-82.81739904955441,4035,3112.7713286994667,0
39049007397,39.987085956371274,-82.82682076717282,3378,832.2146036389144,0
39049006992,40.10614987524676,-82.97292814919564,4599,194.19610450960013,0
39049009397,39.94860025614743,-82.83716471979625,2930,871.5738923143508,0
39049009394,39.95930553665601,-82.82880528251958,1969,649.0266744506037,0
39049008171,39.96757207037269,-83.15435525388287,3212,822.4709003294637,0
39049009754,39.842283048059684,-83.03144267846058,3391,5023.856541197151,0
39049007211,40.06696128535911,-82.79721219129111,4338,3617.3670990868327,0
39049010202,39.87715989073553,-82.81227821722504,6156,1543.2808292935092,0
39049006241,40.0779744046942,-83.1659660930159,8591,2663.002008964862,1
39049007398,40.01331217929682,-82.78041097472577,9389,3846.69322443572,1
39049007213,40.10937153604754,-82.79879162770277,5866,2966.0592654332545,0
39049007103,40.05957272496514,-82.87737499483788,4696,544.155443194247,0
39049007212,40.078356576804204,-82.82954494939372,5289,4553.530805963171,0
39049007214,40.08778971677947,-82.8554110573331,3843,4146.085126381019,0
39049007961,40.04724180118031,-83.18543892310106,5362,3933.6840168030153,0
39049007101,40.1034125420955,-82.91455294661846,2906,1561.8050473440157,0
39049007215,40.10237964731819,-82.85081954573994,6095,6329.509788333342,0
39049009392,39.92175330008085,-82.83399815577707,3468,447.4201376761304,0
39049009403,39.860784426286074,-82.81229953277077,3249,1501.440747978717,0
39049007302,39.99245155286472,-82.78215928933737,4312,885.7113029172955,0
39049010203,39.87965754529347,-82.83057487517492,3961,525.5052892251114,0
39049006991,40.12070319388703,-82.95791727408309,4369,1042.7776440188638,0
39049010401,40.135471798349016,-83.1583243710845,2388,5690.503399691265,0
39049008002,39.97030593277332,-83.2265803448814,3293,8204.613605481696,0
39049008165,39.95705112391716,-83.14519892579509,2064,216.01084456147962,0
39049006237,40.07526118446577,-83.12312809426498,6736,126.84322209944324,0
39049007958,40.03899428883239,-83.11232242535694,3378,1142.5929355037313,0
39049007960,39.991627689333406,-83.16125979780095,4575,658.1349823842498,0
39049009251,39.97996086532296,-82.88710065254253,1119,735.6323273292817,0
39049007963,40.05476867906805,-83.10661810278688,3824,1976.9126903581089,0
39049008382,39.9113622549704,-83.0862835488218,3384,1530.183935877273,0
39049008168,39.90900785993694,-83.13207187960587,3602,1344.0992748521298,0
39049007956,40.00954090785122,-83.13678121659325,4929,1866.4051319342564,0
39049006239,40.08174801732957,-83.14551884097894,6294,420.7859222195721,0
39049010502,40.10663167759449,-83.14392828490148,3236,2020.1041660649098,0
39049009404,39.848904047304224,-82.8151106953697,3140,1672.7387991368726,0
39049010204,39.89918626609976,-82.81352770726446,6587,1334.5656656151705,0
39049009395,39.97160841531229,-82.82868072274361,4615,922.0352627513711,0
39049009802,39.85098288842329,-83.20169918782398,3657,11319.487519300532,0
39049010900,40.07090670723914,-82.87571160460233,4945,2109.694014769754,0
39049007102,40.10547244763484,-82.8943878339959,3148,3535.472818289346,0
39049007306,40.04427580493529,-82.83499250201925,4247,3271.5592975321815,0
39049007303,40.01009905480021,-82.81170914249702,6738,3829.8217005272345,0
39049001302,39.999026985472106,-83.00399119237503,2385,313.58945666326736,0
39049009396,39.937876534883955,-82.83958660203017,3206,690.7247914550342,0
39049009391,39.92477911791674,-82.82061555038396,5059,870.9303291694719,0
39049001301,39.99769884357862,-82.99872598228167,2987,252.80945078881072,0
39049004002,39.9573881209701,-82.99843824471543,2893,77.79421478641487,0
39049007301,39.99099326355522,-82.80182171093246,6812,981.8328829030155,0
39049010201,39.8851853221148,-82.85130141792537,3899,2870.198365019333,0
39049010402,40.119519185531765,-83.16170334899343,5660,4740.759543112883,0
39049007553,40.0264355241596,-82.91668543927773,6480,649.1399983744242,0
39049008170,39.92994969164535,-83.19720022911919,5796,5826.357350676651,0
39049008166,39.96011390910853,-83.17384585616288,5165,3050.366323976692,0
39049008167,39.9044095882502,-83.16177324112668,3266,2538.4959357597895,0
39049007305,40.04198754698762,-82.85831599744493,5149,690.1212107760388,0
39049009801,39.866486096127936,-83.16077911933571,3503,7301.008062819782,0
39049007962,40.04267927417874,-83.16426783039951,5814,1981.7207731666922,0
39049009753,39.82411188567003,-83.04974484498536,5709,7654.027308216448,0
39049009401,39.89757191543546,-82.91135825380104,5096,1993.8819840462927,0
39049009498,39.90782287341199,-82.89702636035246,3858,1242.7548531529187,0
39049004301,39.9790884406743,-83.06109112523174,2821,587.330159466527,0
39049004001,39.95937254111511,-82.98655766013938,1443,131.5025027688592,0
39049009252,39.982824111018225,-82.85412747891647,3035,996.4799320998269,0
39049009393,39.94479005536075,-82.9030849065622,3819,226.42610944194087,0
39049007552,40.02824751240469,-82.92768867889161,4748,626.1336627450592,0
39049004302,39.9631236384549,-83.0388452280304,1969,69.73494781374833,0
39049006238,40.0950321585554,-83.12357747877142,1838,504.720511931076,0
39049005002,39.953482620647456,-83.03354912064192,4028,168.3195250422154,0
39049006302,40.09296964753397,-83.10000856073461,4980,902.7771866261447,0
39049006301,40.081663293669926,-83.10619144916514,2678,1550.6103426830578,0
39049007957,40.022649427146554,-83.11023479576451,5620,658.5369832608181,0
39049009756,39.88198788281345,-83.05785457869844,2645,497.1181121932813,0
39049005001,39.95490976095206,-83.0220232521292,1717,21.195969102006444,0
39049009755,39.86983646791016,-83.04446258414356,7639,1079.6895064745697,1
39049007964,40.05474958675321,-83.120243776534,6163,1642.8715748054767,0
39049008381,39.91031758470762,-83.06062557647088,4321,858.0380569881831,0
39049007955,40.020571258056506,-83.15230045265744,2668,725.1816786626189,0
39049007959,39.99075710252001,-83.17211308358037,2121,1848.1258392654265,0
39049007965,39.99444692758078,-83.1326858891593,3652,1748.4543346367473,0
39049007966,39.98981599370584,-83.15098664055101,5619,202.66984441376408,0
39049008001,40.00969922787497,-83.216332637155,3515,6384.202297293544,0
39049008172,39.97370405864001,-83.13911737654924,6419,1197.9664455706386,0
39049008169,39.92544625103599,-83.15279341177492,4477,961.403279119994,0
39049006397,40.11369479036058,-83.07544113582345,6589,857.2710341951877,0
39049006398,40.12524557467891,-83.10240030573178,3665,1422.041240297227,0
39049006240,40.081354552883795,-83.19012863052302,4892,5211.608401841662,0
39049009757,39.8950862300475,-83.06292319191826,4302,1769.6367495804318,0
39049010501,40.11698995622908,-83.14274289864423,4998,3261.768154923724,0
39049009495,39.86805423650119,-82.90886409407116,5548,1952.9710064621238,0
39049007010,40.12290464204642,-82.93705402645503,4298,701.6685013040577,0
39049002600,39.98938959309346,-82.92449313275779,4796,660.2783753136392,0
39049002710,39.97996669263494,-82.91936044986038,2422,105.72907141688782,0
39049002730,39.97077824088061,-82.91021973745941,2451,230.9408812628697,0
39049002750,39.962931469312466,-82.90826889529843,2723,666.1918590590972,0
39049002770,39.95164602088697,-82.91023609716405,2216,552.0726560607067,0
39049002780,39.943810431060605,-82.92855500179182,2483,537.312616483742,0
39049002900,39.97565969374901,-82.97566119245127,3323,533.6653484165633,0
39049006943,40.09415981952676,-82.97931183430279,4580,438.9227335206787,0
39049006944,40.10121394271674,-82.96272682656007,4725,32.22842401243324,0
39049006945,40.09243733883799,-82.95805069565941,6399,838.4160672268154,0
39049007020,40.12440154032778,-82.91798078705526,6518,1389.4628932368164,0
39049007112,40.072549990450725,-82.94289766049528,6994,992.8743964273492,0
39049003000,39.97029593950198,-82.99485894153827,3670,274.5042849028044,0
39049003200,39.971786318115726,-83.01568443050351,3052,473.07185671751597,0
39049003600,39.96852678443098,-82.97661475666985,2050,126.36351962396499,0
39049003700,39.962625670218756,-82.95436532650479,3144,347.2668549677483,0
39049003800,39.96286362519356,-82.97390663526487,2367,338.8248339457111,0
39049004200,39.95877940152064,-83.01238476618605,779,328.3301122660181,0
39049007114,40.100803887688464,-82.93777746286221,5234,1324.693809835671,0
39049007115,40.08698005619976,-82.94008442284238,5457,545.1629964620363,0
39049007120,40.08988260746458,-82.9190377391542,4927,1740.2837585636196,0
39049007193,40.11796585082574,-82.90198558457156,6532,2848.0366838470336,0
39049009230,39.96380195940582,-82.89001153748633,5418,1152.7254192266164,0
39049009240,39.96925937908076,-82.88070410165922,2137,563.2462157024042,0
39049009250,39.95810354702747,-82.88137817383874,2426,357.9038497032794,0
39049004500,39.958826635151134,-83.06601001869781,4835,495.97354286935933,0
39049004610,39.948860528299754,-83.08423570754006,3585,801.0593902919637,0
39049004700,39.95018453996416,-83.063649017117,5871,683.1585955168044,0
39049009311,39.949569010372414,-82.86275515857595,2657,788.4419452457682,0
39049009312,39.93975074335604,-82.85801817741816,3227,741.9774952430788,0
39049009321,39.94904207182173,-82.89086670213756,3103,498.85921074418843,0
39049009322,39.94398580491231,-82.87472953113537,3661,236.3014739657091,0
39049005100,39.94162547821586,-83.02079764058226,2397,1133.6507862564688,0
39049007532,40.054850501009575,-82.93414466771686,3175,547.5124816960748,0
39049004820,39.941989739324924,-83.06196760091845,2534,498.7136480589707,0
39049004900,39.94830386640333,-83.04789630059082,5693,83.40505583884051,0
39049980000,39.99645273183703,-82.88686891952234,0,375.62882855313586,0
39049007424,40.02175472847769,-82.90157537601854,6516,324.3256748176898,0
39049009325,39.92749151278579,-82.88264947672644,4492,232.5359173996518,0
39049009326,39.91962803343768,-82.87209508397012,2026,663.058465471909,0
39049005200,39.9509625835984,-82.99179355175144,3133,266.7631242770024,0
39049005300,39.955340045861604,-82.9740658215987,2945,330.7560208567902,0
39049005410,39.95515463943961,-82.95382710278379,1623,346.4336490927388,0
39049005420,39.951109180890406,-82.95551876497578,2121,334.83479991395023,0
39049005500,39.94607632949372,-82.96031560791371,4647,423.0298202413687,0
39049005610,39.9473903809743,-82.97810898145123,1694,456.20376558365564,0
39049005700,39.94589050678613,-82.9991984426076,3916,202.86699378694004,0
39049005810,39.93789378556416,-82.99139012568524,2874,523.8952279987875,0
39049007427,40.004990863016374,-82.84960340128447,5822,814.9375054025652,0
39049007511,40.00616690188561,-82.96063589588181,2105,352.07047756170164,0
39049007512,40.00563170783451,-82.9447548373206,4526,391.84281883050124,0
39049007531,40.0504727733239,-82.9488028305355,2754,550.3656186873981,0
39049009340,39.95830630829771,-82.86932705738022,3225,469.1995508944172,0
39049009332,39.937299756068576,-82.92039042582645,3988,1416.986573156084,0
39049009334,39.9370650983578,-82.90077327444482,2851,345.6338912386782,0
39049009337,39.92416988984768,-82.90695365544148,4552,906.5650008334692,0
39049005820,39.93220384192764,-82.99095948443686,2197,200.2349446818209,0
39049006000,39.93171963525386,-82.97752989151348,1957,517.1257041086949,0
39049006100,39.92550857550037,-82.99057582414095,2407,306.08075276159764,0
39049009372,39.92606666350521,-82.85421414455392,5334,1108.9951230118947,0
39049009350,39.96432648911742,-82.8633960407053,3079,1348.5520059745795,0
39049006310,40.039074213642984,-83.08275626596355,4394,1943.2303281074624,0
39049006321,40.03977759160022,-83.05940796941077,4400,983.1486083575024,0
39049007534,40.0318281008131,-82.94668098680795,4126,767.6881720922415,0
39049007710,40.03686093820323,-82.96757373275327,4185,494.1440266128687,0
39049007721,40.0552376819164,-82.9650078376048,6361,737.5375779827979,0
39049007722,40.04619553500239,-82.9656432593426,4072,788.9491741766933,0
39049007730,40.057701165569135,-82.98774294823866,3327,147.20852104675492,0
39049007740,40.049982603517314,-82.98692370470287,1690,177.5149375786905,0
39049007811,40.035017562595065,-83.04331531132217,4084,842.3165667269923,0
39049007830,39.995355718486756,-83.0358163740852,2789,96.10272963558086,0
39049006372,40.07214328206429,-83.09814728571014,7311,637.6124235131546,0
39049009381,39.96772934832222,-82.8141160859385,6921,1830.71872534658,0
39049009382,39.96477986807009,-82.79996973632191,2940,1364.8494247184449,0
39049009383,39.94835499036364,-82.82373260287254,3030,643.2311507036156,0
39049009384,39.95031923975152,-82.81057636360747,2681,689.0274505231112,0
39049009385,39.9484520991022,-82.79138792159827,3810,1010.2991160588493,0
39049006323,40.025073144579345,-83.05550298519515,3465,172.4116496302136,0
39049006330,40.02311825237845,-83.080658355814,4637,348.6128546642226,0
39049006340,40.05362769694082,-83.0844225332754,3548,1143.6570000318986,0
39049006351,40.06702567100404,-83.054232739714,4313,588.7525528776118,0
39049006352,40.05522127035497,-83.05048366334162,3594,188.82469686127945,0
39049006353,40.058823696962385,-83.06984836776417,5538,478.71605271729425,0
39049007922,40.0455452760808,-83.14224089314222,6794,1139.2150917806562,0
39049007931,40.024632468731575,-83.13565836087369,4451,1066.5213850115435,0
39049009386,39.93925246609498,-82.81608963753115,3096,1271.3194027573948,0
39049009410,39.909599721841936,-82.85730881642863,3025,702.1145826460375,0
39049009520,39.88079403802056,-82.9500389537645,4472,2150.9760490882063,0
39049009590,39.84235060769115,-82.98041956864428,5520,4292.310033612434,0
39049009600,39.89051323646519,-83.09410529861321,4829,709.5792297896393,0
39049009711,39.88719474668302,-83.07904942593703,4950,577.4293132432666,0
39049006384,40.12175609004697,-83.07392284766406,5871,622.1509243136894,0
39049006386,40.10426386984647,-83.08993708325956,5360,115.22475793164176,0
39049006387,40.0985550271774,-83.06631748970152,5958,911.3798076133963,0
39049007941,40.0012671920981,-83.10252419882359,3126,1659.8906026934942,0
39049009712,39.8774046811888,-83.07739017258397,2695,565.3859214971405,0
39049009751,39.83869652970422,-83.09466047563443,6359,6296.251581783565,0
39049009752,39.88521724122415,-83.11207931820847,7133,2232.597647488578,0
39049006410,40.0125310605291,-83.0818126876829,3136,1383.1900168847756,0
39049010100,40.04530886463659,-82.91700919020653,1363,307.4635285139181,0
39049001121,40.00046568786603,-83.01231622628762,10370,463.0690253977232,0
39049001122,40.006586949851716,-83.03202164551374,2327,1014.6043033412867,0
39049008163,39.93959084597686,-83.13431538035105,3569,371.2787252241179,0
39049008164,39.933867390832894,-83.13387777698678,5231,1168.0048028583487,0
39049007041,40.12472693400433,-83.02467233002295,2135,1564.5754586003507,0
39049007199,40.068678977241525,-82.91402818956621,7347,1279.2677881746936,0
39049007209,40.06874955141171,-82.85206326736676,9599,1753.7408085604472,1
39049007394,40.03407923716772,-82.81078086799276,3304,6031.5285414592745,0
39049010602,40.017464349416855,-83.16433731142321,6156,777.2325205076268,0
39049009497,39.82721998690686,-82.86039073084343,2061,4977.637033627566,0
